Name,IdNo,Username,Password,Address,PhoneNo,Email,Created Date
,,,,,,,
Charlotte Stone,1,Cstone,bobby1,8138 E Cypress St.,(368)-958-6644,charlotte.stone81@example.com,12/4/1972
Leah Gordon,2,Lgordon,hilary,5503 Burkholder Dr,(309)-757-4927,leah.gordon96@example.com,9/6/1977
Ross Matthews,3,Rmatthews,discover,3601 Arther St,(905)-127-9807,ross.matthews24@example.com,2/5/1984
Bradley Burton,4,Bburton,smiles,8222 California St,(526)-576-9021,bradley.burton75@example.com,8/5/1976
Andre Carter,5,Acarter,prime,2136 Edwards Rd,(219)-756-3001,andre.carter24@example.com,4/2/1981
Dustin Wood,6,Dwood,frogs,2710 Hogan St,(741)-725-6537,dustin.wood74@example.com,6/5/1978
Zoe Oliver,7,Zoliver,solo,2185 White Oak Dr,(521)-727-9454,zoe.oliver36@example.com,9/1/1981
Christina Crawford,8,Ccrawford,handmade,3414 Wyndham Ln,(953)-664-5147,christina.crawford14@example.com,11/2/1971
Jack Morgan,9,Jmorgan,bubba,4359 Hunters Creek Dr,(178)-548-4471,jack.morgan68@example.com,10/3/1984
Erica Boyd,10,Eboyd,digger,1543 Glendale St,(474)-390-8330,erica.boyd98@example.com,5/4/1972
Carole Hayes,11,Chayes,eagles1,8768 Sable St,(770)-209-1193,carole.hayes23@example.com,3/5/1979
Stacey Caldwell,12,Scaldwell,milton,4023 Sable St,(555)-562-9862,stacey.caldwell88@example.com,8/2/1977
Emily Gibson,13,Egibson,another,1703 E Cypress St,(237)-427-3210,emily.gibson10@example.com,1/4/1973
Sean Jenkins,14,Sjenkins,dog123,4500 Thornridge Cir,(210)-422-5079,sean.jenkins74@example.com,10/5/1978
Georgia Nguyen,15,Gnguyen,seahawks,5646 Vinecrest Ave,(139)-543-5013,georgia.nguyen15@example.com,6/4/1974
Brooklyn Herrera,16,Bherrera,gideon,7515 Cackson St,(785)-257-8306,brooklyn.herrera84@example.com,1/5/1975
Soham Richards,17,Srichards,lauren,3524 Nowlin Rd,(655)-711-5125,soham.richards34@example.com,8/2/1982
Todd Martin,18,Tmartin,fenway,1728 Spring Hill Rd,(372)-627-2866,todd.martin57@example.com,10/4/1982
Jackie Pena,19,Jpena,georgia,3684 Mcclellan Rd,(634)-598-7724,jackie.pena75@example.com,3/3/1970
Cameron Mckinney,20,Cmckinney,macross,1174 Watika St,(236)-470-4860,cameron.mckinney40@example.com,12/6/1972
